fertility,rates,declining,growing,share,adults,plan,children,,,,,,,,,,,,,,,,,,,,
health,care,lagged,peers,years,pandemic,made,things,worse,,,,,,,,,,,,,,,,,,,
campaigners,call,ministers,allow,vulnerable,people,second,chance,goes,unclaimedone,five,households,prepayment,meters,missed,government,energy,vouchers,help,bills,according,figures,total,vouc,,,,
nimby,born,hampshire,michigan,northern,california,perfected,state,hillsborough,california,needs,provide,number,income,housing,units,income,largely,based,average,income,,,,,,,
take,dink,dinkwad,double,income,kids,american,dream,,,,,,,,,,,,,,,,,,,,
young,adults,living,parents,highest,rate,decades,four,broke,spend,money,save,rent,,,,,,,,,,,,,,,
decade,passed,since,mitt,romney,lost,political,support,failed,presidential,campaign,boasting,binders,full,women,suitable,government,appointments,writing,americans,federa,,,,,,,
half,pharmacists,survey,report,patients,asking,items,without,rising,numbers,patients,england,failing,collect,medicines,asking,pharmacists,ones,without,cannot,afford,presc,,,,,,
people,fear,jobs,financial,safety,inadequate,wonder,smaller,families,fewer,babies,peak,fertility,postwar,england,wales,children,woman,dropped,,,,,,,,,
billions,gifts,loans,given,children,early,adulthood,buying,first,home,getting,marriedbillions,pounds,loaned,bank,help,property,purchases,boost,finances,newly,married,offspring,helpi,,,,
republicans,iowa,minnesota,proposed,bills,allow,kids,ages,work,jobs,shortage,labor,like,meat,packing,construction,,,,,,,,,,,,
americans,today,increasingly,connected,world,digital,information,smartphones,tablets,mobile,devices,explore,latest,patterns,trends,statistics,shaped,mobile,revolution,,,,,,,,,
violence,highest,level,since,early,become,concerns,many,american,voters,result,country,debated,reforms,policing,bail,sentencing,aspects,criminal,justice,system,,,,,,,
yemi,rose,founded,ofcolor,years,corporate,america,suggestions,employers,build,equity,,,,,,,,,,,,,,,,,
three,million,adults,forced,evacuate,homes,past,year,hurricanes,floods,disasters,according,census,bureau,,,,,,,,,,,,,,
president,biden,give,americans,progress,report,four,part,unity,agenda,announced,last,year,state,union,address,,,,,,,,,,,,
bankruptcy,filing,says,approximately,million,assets,unclear,many,firearms,holding,kept,,,,,,,,,,,,,,,,,
book,jeff,hobbs,author,short,tragic,life,robert,peace,looks,evolution,juvenile,justice,system,america,primarily,people,statistics,,,,,,,,,,
interest,rates,risen,significantly,borrowing,money,personal,loan,costs,someone,credit,times,much,someone,good,credit,,,,,,,,,,,,
ultra,processed,foods,linked,increased,risk,cancer,neuroscience,news,ultra,processed,food,consumption,cancer,risk,cancer,mortality,large,scale,prospective,analysis,within,biobank,lancet,ultraproces,,,
study,tiaa,institute,found,adults,handle,long,could,potentially,live,,,,,,,,,,,,,,,,,,
january,american,perspectives,survey,sheds,light,dating,preferences,experiences,perspectives,national,survey,adults,older,including,nearly,single,adults,finds,americans,strong,dating,,,,,,
pfizer,topped,wall,street,revenue,estimates,third,quarter,moreover,company,updated,guidance,fiscal,analysts,expect,stock,rise,,,,,,,,,,,
failure,collective,willpower,jeopardising,health,diet,food,culturally,familiar,nutrition,super,availablewestern,culture,bears,weight,struggles,shift,recent,stories,perhaps,expose,,,,,,,
river,nice,believe,stock,market,ethical,help,clients,discover,harm,reducing,techniques,lead,ethical,investments,,,,,,,,,,,,,
hobbs,outlines,inaccurate,risk,assessments,young,woman,murderer,sarah,compton,says,nothing,changed,since,murder,brother,article,probation,service,ministers,blood,hands,zara,aleena,family,,,
families,sick,children,pushed,poverty,access,country,severely,limited,care,services,refuge,open,doorsdespite,combined,economic,crisis,drug,shortage,lanka,poised,open,first,children,,,,
katie,sandoval,clark,pays,month,live,accessory,dwelling,unit,less,paying,rent,near,silicon,valley,,,,,,,,,,,,,
president,biden,persuaded,democrats,congress,provide,hundreds,billions,dollars,fight,climate,change,comes,another,formidable,task,,,,,,,,,,,,
risks,ending,decade,worst,labour,participation,rate,since,unless,action,taken,says,thinktankbritain,risks,ending,decade,lowest,rates,workforce,participation,almost,years,unless,government,takes,urgent,action,reform
three,families,including,mine,opted,different,kind,american,dream,world,differentlyi,months,pregnant,sitting,beach,huanchaco,peru,husband,tree,struggling,make,decision,would,change,,,,
report,released,tuesday,also,says,compared,peer,nations,highest,rates,deaths,avoidable,treatable,causes,highest,maternal,infant,death,rates,,,,,,,,,
average,snap,recipients,lose,month,grocery,prices,high,blow,americans,trying,afford,food,,,,,,,,,,,,,,,
shawn,castellanos,started,real,estate,investing,business,college,studies,graduated,anticipating,best,year,ever,,,,,,,,,,,,,,
women,walk,donkeys,ethiopia,amhara,region,buena,vista,images,gettyimagesin,recent,years,huge,rising,demand,donkey,hides,,,,,,,,,,,
shares,stride,soared,hours,tuesday,online,education,company,beat,wall,street,expectations,second,quarter,sales,profit,growth,enrollment,powered,career,related,learning,,,,,,
historic,federal,debt,default,could,occur,july,cautions,partisan,agencythe,congressional,budget,office,wednesday,said,treasury,department,exhaust,ability,bills,sometime,july,september,unless,curre,,,
health,benefits,green,blue,prescriptions,many,calls,integrate,routine,carein,undertook,quintessentially,australian,rite,passage,moving,london,years,months,first,englis,,,,,,,
comments,,,,,,,,,,,,,,,,,,,,,,,,,,,
insurers,employers,taxpayers,consumers,affected,drugmakers,move,products,commercial,market,much,depends,health,insurance,,,,,,,,,,,,,,
read,comprehensive,guide,prudential,life,insurance,term,life,coverage,plans,policies,pricing,higher,industry,averages,,,,,,,,,,,,,
many,envision,final,days,like,grandmother,comfortable,home,surrounded,friends,family,writes,sarah,romanelli,people,know,dying,home,cost,small,fortune,,,,,,,
although,usually,mild,respiratory,syncytial,virus,fatal,among,babies,older,people,promising,results,trials,pregnancy,aged,suggest,vaccine,soon,approved,,,,,,,,
politico,analysis,provides,detailed,portrait,neighborhoods,across,country,benefit,program,,,,,,,,,,,,,,,,,,
research,gallup,shows,americans,ever,delaying,healthcare,costs,rates,delaying,care,differ,based,gender,income,,,,,,,,,,,,,
everyone,feeling,pinch,rising,cost,living,inflation,study,says,younger,people,experiencing,pressure,comes,housing,,,,,,,,,,,,,
americans,misunderstand,social,security,program,likely,make,poor,decisions,costly,mistakes,retirement,,,,,,,,,,,,,,,,
study,finds,parents,important,children,financially,independence,good,married,kids,,,,,,,,,,,,,,,,,,
state,farm,life,insurance,options,include,whole,universal,term,life,insurance,policies,often,bundled,lower,rates,coverage,make,sense,,,,,,,,,
financial,giant,offering,range,permanent,term,life,insurance,products,make,sense,life,insurance,needs,,,,,,,,,,,,,,
could,lead,much,larger,refund,check,,,,,,,,,,,,,,,,,,,,,,
researchers,couples,need,along,benefit,social,isolation,increase,type,diabates,riskpeople,cohabit,partner,lower,blood,sugar,levels,even,along,according,study,warns,social,isola,,,,
morning,meeting,tompkins,daily,poynter,briefing,story,ideas,worth,considering,timely,context,journalists,written,senior,faculty,tompkins,sign,post,social,security,medicare,spending,growing,faster,,,
high,octane,income,stocks,yields,ranging,popular,buys,high,profile,billionaire,investors,fourth,quarter,,,,,,,,,,,,,,
recent,reports,document,rise,college,going,degrees,across,race,ethnicity,could,trouble,ahead,,,,,,,,,,,,,,,
analysis,employment,timelines,swedish,workers,highlights,varying,patterns,active,work,work,interruptions,years,revealing,factors,associated,different,types,interruptions,katalin,karolinska,institutet,stockholm,,,,,
comments,,,,,,,,,,,,,,,,,,,,,,,,,,,
harris,county,commissioners,passed,funding,package,year,program,offer,free,tech,training,veterans,young,adults,years,hoping,greatly,increase,income,,,,,,,,
iphone,apple,watch,include,wide,range,valuable,health,features,couple,much,attention,include,measuring,ambient,headphone,noise,levels,read,along,look,protect,hearing,loss,checking,decibel,leve,
time,maria,montessori,died,eighty,invented,kind,childhood,twentieth,century,rather,deficient,adults,waiting,requiring,discipline,chastisement,order,land,shores,matu,,,,,,,
apple,watch,popular,fitness,trackers,market,apple,always,tiptoed,around,device,usefulness,weight,loss,tool,report,washington,post,explores,recent,research,says,wearing,fitness,tracker,,,
bundle,games,launched,humble,bundle,celebrate,black,history,month,bundle,includes,eight,different,games,black,creators,featuring,black,characters,mafia,definitive,edition,shadow,remastered,worth,,,
first,scene,lockwood,older,woman,offers,apologetic,look,teenagers,carrying,swords,belts,toting,duffel,bags,filled,small,bombs,chasing,boys,says,terrible,,,,,,
pfizer,moderna,ahead,race,produce,vaccines,respiratory,syncytial,virus,impact,,,,,,,,,,,,,,,,,,
record,million,american,adults,plan,weekend,super,bowl,wagering,total,billion,christians,know,sports,betting,,,,,,,,,,,,,
hand,sanitizer,even,bother,,,,,,,,,,,,,,,,,,,,,,,,
researchers,keck,school,medicine,conducted,first,ever,studies,showing,electric,cars,associated,real,world,reductions,pollution,respiratory,problems,zara,abrams,electric,vehicles,widely,hailed,,,,
optometrists,lobbying,leeway,treat,patients,physicians,groups,pushing,back,turf,sides,explain,patients,vision,stake,,,,,,,,,,,,,
social,security,program,facing,budgetary,shortfall,many,americans,believe,benefits,jeopardy,,,,,,,,,,,,,,,,,
reasons,nonprofit,community,cooking,school,heart,francisco,mission,district,whose,goals,include,helping,people,learn,cook,quality,food,well,helping,income,families,addressing,food,inequity,,,
sure,match,nice,accounts,also,impressive,perks,,,,,,,,,,,,,,,,,,,,,
study,every,bite,junk,food,increases,risk,cancer,second,column,story,link,drudge,report,feed,needs,support,become,patron,,,,,,,,,
apprenticeship,like,pathways,teaching,becomes,option,millions,talented,professionals,interested,impact,well,income,,,,,,,,,,,,,,,
notion,fair,meant,central,australia,national,ethos,,,,,,,,,,,,,,,,,,,,,
understand,every,aspect,global,economy,know,make,next,move,,,,,,,,,,,,,,,,,,,
claiming,early,could,costly,mistake,cases,,,,,,,,,,,,,,,,,,,,,,
millions,americans,mired,medical,debt,face,difficult,financial,decisions,every,debt,rent,utilities,groceries,even,skip,necessary,health,care,fear,sinking,deeper,debt,,,,,
washington,state,refining,first,nation,public,program,plans,begin,collecting,premiums,july,paying,benefits,,,,,,,,,,,,,,
could,make,bill,little,easier,stomach,,,,,,,,,,,,,,,,,,,,,,
unpredictable,years,americans,housing,prices,affordability,decline,goldman,sachs,strategists,predicting,harsher,outlook,housing,market,specifical,,,,,,,,,,,,
nearly,half,young,people,half,working,class,youth,fear,falling,financially,short,read,full,article,,,,,,,,,,,,,
companies,trading,price,book,value,ratios,,,,,,,,,,,,,,,,,,,,,,
team,researchers,begun,document,actual,impact,electric,vehicle,adoption,first,study,real,world,data,link,electric,cars,pollution,health,leveraging,publicly,available,datasets,researchers,analyzed,natu,,
decision,could,significant,effect,size,nest,,,,,,,,,,,,,,,,,,,,,,
recession,inflation,covid,made,situation,worse,financial,dependency,aging,parents,living,adult,children,,,,,,,,,,,,,,,
homeless,people,counted,across,riverside,county,annual,point,time,census,desert,cities,unhoused,young,adults,hill,portland,region,begins,homeless,point,time,count,news,,,,
morning,meeting,tompkins,daily,poynter,briefing,story,ideas,worth,considering,timely,context,journalists,written,senior,faculty,tompkins,sign,post,know,blackcat,ransomware,group,hitti,,,,
knowing,target,market,essential,company,guide,explore,target,market,define,important,started,,,,,,,,,,,,,,,,
rising,teen,anxiety,national,crisis,,,,,,,,,,,,,,,,,,,,,,,
boudreaux,tweet,page,economists,phil,gramm,robert,ekelund,john,early,important,data,rich,book,myth,american,inequality,government,biases,policy,debate,significant,factor,affecting,earned,income,,
obesity,pills,could,upend,american,society,,,,,,,,,,,,,,,,,,,,,,
obesity,pills,could,upend,american,society,,,,,,,,,,,,,,,,,,,,,,
obesity,pills,could,upend,american,society,,,,,,,,,,,,,,,,,,,,,,
valuable,changes,coming,,,,,,,,,,,,,,,,,,,,,,,,,
personal,blog,,,,,,,,,,,,,,,,,,,,,,,,,,
partisan,congressional,budget,office,cautioned,historic,federal,debt,default,could,occur,july,,,,,,,,,,,,,,,,
recent,years,huge,rising,demand,donkey,hides,china,used,make,ancient,health,related,product,called,ejiao,ejiao,made,collagen,extracted,donkey,hides,mixed,herbs,ingredien,,,
across,spheres,life,evolutionary,mismatch,wealth,consistently,provides,buffer,social,inequality,perspective,problem,,,,,,,,,,,,,,,
judge,matthew,kacsmaryk,amassed,litany,contentious,rulings,less,four,yearsmatthew,kacsmaryk,federal,judge,texas,appointed,donald,trump,tendency,attract,strong,language,every,democratic,senator,opposed,confirmation,,
could,concerning,climate,change,terrorism,homelessness,limited,access,reproductive,rights,among,adults,according,,,,,,,,,,,,,,,
mandatory,exposed,personal,information,students,teachers,across,country,year,,,,,,,,,,,,,,,,,,,
professor,ismail,mashal,outspoken,critic,taliban,restrictions,women,education,,,,,,,,,,,,,,,,,,,
taliban,ministry,higher,education,ordered,private,universities,afghanistan,allow,female,students,university,entrance,exams,next,month,underscoring,policy,restrict,women,tertiary,education,,,,,,
contentious,debates,american,education,among,kinds,stories,allowed,classroom,teachers,teach,history,navigate,lgbtq,issues,states,seek,discuss,,,,,,,,,,
union,leaders,meet,education,secretary,planned,action,wednesday,dispute,politics,live,latest,news,updates,union,leaders,hold,last,minute,talks,government,avert,strike,action,teachers,,,
three,parents,share,views,strike,tens,thousands,teachers,england,walesmore,teachers,england,wales,taking,part,strike,organised,largest,education,union,education,secretary,gillian,,,,,
george,santos,previously,caught,lying,work,history,religion,education,,,,,,,,,,,,,,,,,,,
harmful,disconnect,tories,education,policy,country,economic,social,needs,says,michele,gregson,plus,letters,mike,tucker,orsleras,editorial,guardian,view,arts,education,creativity,crisis,,,,
acer,announced,four,chromebooks,available,starting,april,education,focused,offering,balance,power,portability,durability,,,,,,,,,,,,,,
florida,department,education,said,course,inexplicably,contrary,florida,significantly,lacks,educational,value,,,,,,,,,,,,,,,,
record,breaking,singer,back,sixth,album,discusses,deprivation,domestic,violence,feeling,triumphant,stage,fright,surgery,favourite,track,shania,twain,asks,album,speaking,video,call,,,,
family,judge,accuses,gillian,keegan,complacency,bordering,cynicism,severe,shortages,england,walesthe,country,senior,family,judge,accused,education,secretary,complacency,bordering,cynicism,scathing,judgment,,,,
taliban,denies,women,access,schooling,rise,students,married,ease,family,povertyit,weeks,since,taliban,closed,door,girls,education,across,afghanistan,zeina,last,vestiges,hope,,,,
college,board,developer,standardized,tests,criteria,determine,college,readiness,students,denounced,state,florida,department,education,playing,political,games,florida,desantis,conducted,relentless,,,,,,
joint,secretary,says,teachers,back,rise,negotiations,government,reach,stalemateschools,england,look,disruption,coming,weeks,talks,avert,planned,strike,action,teachers,ended,failure,,,,,
report,details,network,dozens,russian,camps,aimed,giving,children,moscow,views,children,detained,indefinitely,ukraine,coverage,least,children,ukraine,attended,russian,education,,,,,,
african,american,studies,course,high,school,students,released,wednesday,include,material,florida,conservative,governor,said,pushed,liberal,agenda,latest,development,fierce,debate,politics,education,,,,
trade,jobs,require,less,education,much,lower,cost,empty,many,parents,remain,wary,programs,lead,four,year,degree,,,,,,,,,,
daca,students,eligible,federal,loans,like,born,students,alternatives,daca,students,finance,education,,,,,,,,,,,,,,,
education,department,asked,input,proposals,reform,student,loan,repayment,batch,commenters,oppose,relief,responded,,,,,,,,,,,,,,
professor,christian,terwiesch,said,would,received,grade,exam,thinks,help,improve,education,students,,,,,,,,,,,,,,,
administration,knows,full,well,cannot,wave,magic,wand,cancel,student,loans,foxx,education,committee,chair,told,insider,,,,,,,,,,,
jane,lunnon,head,teacher,year,alleyn,school,told,insider,everyone,talking,education,,,,,,,,,,,,,,,,
members,spoonie,community,connect,like,chronic,illness,offer,education,support,,,,,,,,,,,,,,,,,,
biden,education,department,launched,website,help,student,loan,borrowers,think,defrauded,school,debt,relief,,,,,,,,,,,,,,
thomas,massie,touted,bill,education,department,explanation,insider,left,questions,answers,,,,,,,,,,,,,,,,,
days,strike,action,grady,general,secretary,demands,draining,campus,conditionsstriking,university,staff,determined,secure,deal,tackles,burnout,makes,working,lives,liveable,grady,general,secretary,,,,
tennessee,university,professor,recently,made,case,undergraduate,mathematics,education,discriminatory,queer,transgender,students,,,,,,,,,,,,,,,
child,ramzan,fight,education,almost,cost,life,worldwide,million,children,school,urgently,need,help,gordon,brown,chairman,education,cannot,wait,fund,prime,minister,,,,,
parenting,advice,illness,life,postpartum,education,,,,,,,,,,,,,,,,,,,,,,
nato,members,meet,brussels,discuss,sending,supplies,ukraine,report,confirms,least,russian,camps,aimed,giving,children,moscow,views,russia,ukraine,glance,know,invasion,hello,welcome,,,
independent,auditor,concur,foxx,claims,biden,lied,student,loan,costs,concerns,certain,estimates,,,,,,,,,,,,,,,
supreme,court,justice,brett,kavanaugh,joined,growing,chorus,news,world,report,school,rankings,critics,saying,talk,week,university,notre,dame,school,annual,list,fails,accurately,gauge,,
britain,facing,sweeping,wave,href,world,biggest,strike,action,years,teachers,civil,servants,walk,industrial,action,decades,workers,across,sectors,including,healthcare,transport,education,,,,
must,stand,defend,rights,afghan,women,girls,professor,kabul,university,says,,,,,,,,,,,,,,,,,
desantis,racist,advanced,placement,course,african,american,studies,backfired,fascist,restrictions,floridians,allowed,read,discuss,inspired,chicago,book,publisher,distribute,free,books,black,history,,,,
schools,nationwide,banning,openai,chatgpt,experts,future,artificial,intelligence,education,,,,,,,,,,,,,,,,,,
refugees,worked,alongside,british,army,taliban,took,power,afghan,refugees,protested,plans,move,miles,london,yorkshire,amid,claims,could,challenge,government,decision,courts,carr,,,,
parents,rejoice,rare,florida,education,policy,struck,decades,optional,menstrual,questions,student,athletes,,,,,,,,,,,,,,,
ideologues,like,desantis,angry,politics,education,angry,politics,monopolythe,rightwing,governor,florida,desantis,administration,recently,blocked,proposed,black,studies,course,advanced,placeme,,,,,,
year,pupil,milly,bell,headteacher,elisabeth,broers,united,support,teachers,going,strike,weekafter,three,years,disrupted,education,form,home,learning,bubbles,incessant,mask,wearing,thing,classmates,want,
government,fail,target,pupils,england,reaching,standard,research,findsrishi,sunak,warned,target,boost,number,children,entering,secondary,school,expected,standards,reading,writing,,,,,,
mother,says,threatened,shoot,daughter,class,police,called,,,,,,,,,,,,,,,,,,,,
december,survey,democratic,pollsters,hart,research,associates,parents,said,culture,wars,distraction,schools,primary,mission,education,,,,,,,,,,,,
famous,century,poem,ramcharitmanas,become,battle,ground,claims,discriminatory,,,,,,,,,,,,,,,,,,,
social,mobility,commission,says,students,informed,earnings,implications,course,choicesstudents,given,details,courses,study,leaving,school,might,affect,employment,prospects,suggested,,,,,,,
controversial,chatbot,chatgpt,sparked,debate,artificial,intelligence,education,,,,,,,,,,,,,,,,,,,,
creator,beloved,children,education,series,sesame,street,lloyd,morrisett,died,,,,,,,,,,,,,,,,,,
matrix,movies,brought,reeves,chad,stahelski,together,killing,fourth,john,wick,still,keeping,technology,check,,,,,,,,,,,,,
lelapa,building,research,serve,african,businesses,nonprofits,hope,locally,grown,algorithms,better,serve,communities,,,,,,,,,,,,,,
china,southwestern,province,sichuan,drop,restrictions,unmarried,people,children,part,broader,attempt,government,boost,country,plummeting,birth,rate,,,,,,,,,,
republican,presidential,candidate,makes,comments,hampshire,controversial,signed,governor,desantisrepublican,presidential,candidate,nikki,haley,told,hampshire,audience,controversial,education,signed,,,,,,,,
quality,education,exposure,different,cultures,identified,preventive,factors,african,surveyhuman,rights,abuses,committed,security,forces,economic,deprivation,among,important,drivers,recruitment,extremist,groups,,,,,
education,minister,jason,clare,responded,media,reports,intends,visit,family,australian,partner,bianca,censori,next,week,,,,,,,,,,,,
malnourished,bird,found,manhattan,madison,square,park,,,,,,,,,,,,,,,,,,,,,
government,declines,call,legal,duty,care,students,death,natasha,abrahart,parents,natasha,abrahart,took,life,studying,university,bristol,reacted,absolute,horror,,,,,,,
general,secretary,says,ahead,wednesday,strike,teachers,undervalued,underpaid,overworked,teachers,tether,mary,bousted,national,education,union,said,government,called,last,ditch,talks,monda,,,,
opposition,says,province,missing,action,munfa,strike,vocm,picketing,cancelled,classes,begin,deadline,passes,labour,dispute,cape,breton,university,strike,enters,four,news,atlantic,,,,
wharton,professor,christian,terwiesch,tested,chatgpt,questions,final,exam,operations,management,,,,,,,,,,,,,,,,,
attorney,crump,announced,potential,lawsuit,florida,governor,state,rejected,advanced,placement,course,college,board,says,revise,,,,,,,,,,,,
easy,people,riled,panicked,kids,changing,culture,lost,innocence,exactly,right,doingyou,could,forgiven,losing,track,lurid,inventive,ways,desantis,florida,govern,,,,,,
utah,republican,governor,saturday,signed,bills,youth,receiving,gender,affirming,health,care,allow,families,receive,scholarships,education,outside,public,school,system,measures,part,larger,nationwide,,,
fumio,kishida,says,japan,brink,able,function,falling,birth,rate,,,,,,,,,,,,,,,,,,
prof,ismail,mashal,outspoken,critic,taliban,restrictions,women,education,,,,,,,,,,,,,,,,,,,
gillian,anderson,rose,fame,files,agent,dana,scully,asking,women,anonymously,tell,sexual,fantasies,days,anderson,plays,therapist,netflix,series,education,launching,major,exploration,women,,,
reason,workers,quiet,quitting,cannot,afford,loud,quitting,labor,unions,experience,resurgence,interest,manufacturing,higher,education,service,industry,transportation,capitalists,managers,compl,,,,,,
children,young,four,months,sent,parents,believed,temporary,holiday,camps,many,returned,according,report,,,,,,,,,,,,,,
stanford,joins,growing,number,schools,like,princeton,harvard,working,reduce,student,debt,burden,graduates,,,,,,,,,,,,,,
state,schools,close,permanently,extensive,safety,concernsat,least,state,schools,england,forced,close,either,partially,entirely,last,three,years,buildings,deemed,unsafe,,,,,,
move,follows,agreement,employers,lowest,paid,workers,review,salary,gradesstrikes,university,support,staff,next,weeks,called,breakthrough,negotiations,unison,announced,five,unions,unison,,,,,
google,calendar,update,helps,schedule,meetings,across,calendars,much,straightforward,organized,manner,,,,,,,,,,,,,,,,
simon,bull,asks,discrimination,state,educated,outlawed,readers,write,oxbridge,eton,dominationlike,john,harris,went,comprehensive,school,oxbridge,experience,similar,understand,,,,,,,
state,board,education,said,restricting,school,libraries,displaying,lending,books,vetted,applies,books,displayed,classrooms,,,,,,,,,,,,,
exclusive,report,denounces,postcode,lottery,barely,half,institutions,offer,form,language,teachingbusiness,groups,language,experts,calling,ministers,make,linguistic,skills,core,part,vocational,training,research,found,,
supreme,court,applies,written,cancellation,warren,said,student,debt,relief,,,,,,,,,,,,,,,,,,
deliberating,considering,kind,alternative,approach,white,house,official,told,reporters,student,debt,cancellation,,,,,,,,,,,,,,,
taliban,doubling,women,education,reinforcing,message,private,universities,afghan,women,barred,taking,university,entry,exams,,,,,,,,,,,,,
college,board,released,wednesday,official,framework,advanced,placement,course,african,american,studies,florida,desantis,earlier,denounced,imposing,political,agenda,,,,,,,,,
police,said,year,woman,provided,false,birth,certificate,brunswick,board,education,trying,enroll,high,school,,,,,,,,,,,,,
hipkins,built,reputation,minister,zealand,covid,strategy,,,,,,,,,,,,,,,,,,,,,
hiring,spree,kind,official,changing,higher,education,america,,,,,,,,,,,,,,,,,,,,
john,cassidy,writes,bernie,sanders,political,plans,sanders,chair,senate,committee,health,education,labor,pensions,,,,,,,,,,,,,
organization,released,curriculum,advanced,placement,course,florida,rejected,pilot,revisions,removed,units,black,feminist,literary,thought,black,lives,matter,,,,,,,,,
data,shows,sharp,decline,students,italy,germany,france,brexit,seen,primary,deterrentthe,number,students,enrolling,british,universities,halved,since,brexit,sharp,declines,scholars,italy,germany,,,
cost,living,crisis,means,young,people,earning,learn,could,good,bank,balancesdespite,stereotypes,university,students,living,ivory,towers,affected,cost,living,crisis,like,,,,,
speech,enterprise,education,employment,everywhere,contained,vague,empty,promisesbrexit,shake,britons,comfortable,torpor,turn,risktakers,forefront,digital,revolution,jeremy,,,,,,,,,
internet,valuable,source,knowledge,education,amusement,kids,time,come,problems,inappropriate,material,cyberbullying,online,harassment,websites,hazardous,children,becau,,,,,,,,,
teacher,accused,cutting,hair,least,students,following,relaxing,hair,regulations,last,monthactivists,thailand,called,clearer,guidance,enforcement,stop,humiliating,punishment,haircuts,schools,teacher,,,,,
dedicated,teaching,exhaustion,falling,real,terms,sense,social,crisis,pushed,actteachers,england,wales,strike,wednesday,hour,talks,union,leaders,government,failed,find,,,,,,
raising,maintenance,loans,means,students,back,food,books,says,reportthe,department,education,admitted,students,england,face,negative,impact,refusal,increase,support,line,inflation,sayin,,,,
base,rate,reaches,hear,people,concerned,rising,mortgage,costschris,felix,hill,wife,adeline,steeple,essex,struggling,keep,alive,dream,becoming,homeowners,demoralising,house,price,,,,
gainful,employment,rule,would,strip,federal,schools,offer,degrees,live,financial,promises,,,,,,,,,,,,,,,,
feminist,groups,public,services,mainly,female,workforces,rights,affected,draconian,lawfeminist,campaign,groups,raised,alarm,government,anti,strike,bill,enforce,minimum,service,levels,saying,,,,
several,underlying,factors,cause,success,encouragement,around,among,important,,,,,,,,,,,,,,,,,,,
framework,course,makes,content,topics,like,black,lives,matter,queer,studies,optional,classrooms,nationwide,,,,,,,,,,,,,,
true,object,education,like,every,moral,process,generation,happiness,happiness,individual,first,place,individuals,universally,happy,species,would,happy,,,,,,,,,
british,public,warned,expect,significant,disruption,coordinated,strike,across,involving,teachers,civil,servants,border,force,staff,train,drivers,teachers,took,streets,demanding,rise,,,,,
loud,delay,responded,decision,florida,department,education,refuse,recognize,african,american,history,legitimate,course,reported,statement,clarifies,asserts,legitimacy,impo,,,,,,,,
vero,lineup,makes,education,debut,along,three,chromebooks,,,,,,,,,,,,,,,,,,,,
teacher,abigail,zwerner,left,serious,injuries,shot,classroom,,,,,,,,,,,,,,,,,,,,
